rows,cols,ratio,r_row,r_cell,variant,family,rmse,max_abs_error,max_rel_error,mean_rel_error,backend,elapsed_s
4,4,0.001,1.0,1000.0,baseline,none,3.107916354159222e-05,3.729582586336176e-05,0.013319937808343486,0.010870116366213465,dense,0.0005076000088592991
4,4,0.001,1.0,1000.0,wl_partial_2,partial,2.2249807958810834e-05,2.3584989827791017e-05,0.008423210652782506,0.007931107857996597,dense,0.0003735999925993383
4,4,0.001,1.0,1000.0,wl_partial_4,partial,3.107916354159222e-05,3.729582586336176e-05,0.013319937808343486,0.010870116366213465,dense,0.0003141999914078042
4,4,0.001,1.0,1000.0,wl_full_nonideal_lo,partial,2.1312219750197075e-05,2.1380834238269274e-05,0.007636012227953312,0.00761138755444783,dense,0.0006810999911976978
4,4,0.001,1.0,1000.0,wl_full_nonideal_hi,partial,2.3248858280931273e-05,2.3585672975575452e-05,0.00842345463413409,0.008300428965708944,dense,0.00029070000164210796
4,4,0.001,1.0,1000.0,wl_buffer_full,full,2.0829214176989932e-05,2.0829214176989932e-05,0.00743900506321069,0.00743900506321069,dense,0.00031519999902229756
4,4,0.001,1.0,1000.0,bl_star,full,1.784998704087176e-05,2.3609726250940852e-05,0.008432045089621733,0.005957820716516243,dense,0.0006463000026997179
4,4,0.001,1.0,1000.0,combined_full,full,6.979069753106776e-06,6.979069753106776e-06,0.0024925249118238485,0.0024925249118238485,dense,0.0007010999979684129
4,4,0.003,3.0,1000.0,baseline,none,9.103067836315391e-05,0.00010898051105797703,0.038921611092134656,0.03185906939240653,dense,0.0003939000016544014
4,4,0.003,3.0,1000.0,wl_partial_2,partial,6.561616107130257e-05,6.949975489565227e-05,0.024821341034161528,0.023390628570538526,dense,0.0003254000039305538
4,4,0.003,3.0,1000.0,wl_partial_4,partial,9.103067836315391e-05,0.00010898051105797703,0.038921611092134656,0.03185906939240653,dense,0.0003183999942848459
4,4,0.003,3.0,1000.0,wl_full_nonideal_lo,partial,6.289434971191986e-05,6.309415802624365e-05,0.02253362786651559,0.022461924416885375,dense,0.0004707000043708831
4,4,0.003,3.0,1000.0,wl_full_nonideal_hi,partial,6.852607726278997e-05,6.950561527480298e-05,0.02482343402671535,0.02446575667855546,dense,0.00043119999463669956
4,4,0.003,3.0,1000.0,wl_buffer_full,full,6.148776509936347e-05,6.148776509936347e-05,0.021959916106915525,0.021959916106915525,dense,0.00033290000283159316
4,4,0.003,3.0,1000.0,bl_star,full,5.276831339331323e-05,6.971435791354929e-05,0.024897984969124747,0.01762602578124089,dense,0.00033569999504834414
4,4,0.003,3.0,1000.0,combined_full,full,2.0812870146863244e-05,2.0812870146863244e-05,0.007433167909594016,0.007433167909594016,dense,0.0003083000046899542
4,4,0.01,10.0,1000.0,baseline,none,0.00028031204004688547,0.0003329943300144117,0.11892654643371847,0.09830196596201796,dense,0.00020310000400058925
4,4,0.01,10.0,1000.0,wl_partial_2,partial,0.00020646743966475534,0.000218137708545868,0.07790632448066714,0.07361329572418672,dense,0.00025379999715369195
4,4,0.01,10.0,1000.0,wl_partial_4,partial,0.00028031204004688547,0.0003329943300144117,0.11892654643371847,0.09830196596201796,dense,0.00024219999613706023
4,4,0.01,10.0,1000.0,wl_full_nonideal_lo,partial,0.00019834023959686313,0.00019894296159428523,0.07105105771224472,0.07083480960310662,dense,0.0005650000093737617
4,4,0.01,10.0,1000.0,wl_full_nonideal_hi,partial,0.00021525106719425845,0.0002181931844657519,0.0779261373091971,0.07685290320622191,dense,0.0002897000085795298
4,4,0.01,10.0,1000.0,wl_buffer_full,full,0.0001940967475095776,0.0001940967475095776,0.0693202669677063,0.0693202669677063,dense,0.00024310000299010426
4,4,0.01,10.0,1000.0,bl_star,full,0.00016737081510405242,0.00022024351566022433,0.07865839845008012,0.05604962109477321,dense,0.00016250000044237822
4,4,0.01,10.0,1000.0,combined_full,full,6.796760970302499e-05,6.796760970302499e-05,0.024274146322508926,0.024274146322508926,dense,0.00019439999596215785
4,4,0.03,30.0,1000.0,baseline,none,0.0006918603500083135,0.0008069784355682454,0.28820658413151623,0.24365182552186343,dense,0.00016540000797249377
4,4,0.03,30.0,1000.0,wl_partial_2,partial,0.000534197946534233,0.0005611137893390275,0.20039778190679555,0.19052959847407197,dense,0.00016360000881832093
4,4,0.03,30.0,1000.0,wl_partial_4,partial,0.0006918603500083135,0.0008069784355682454,0.28820658413151623,0.24365182552186343,dense,0.00016169999435078353
4,4,0.03,30.0,1000.0,wl_full_nonideal_lo,partial,0.0005157334246311002,0.0005171364677226263,0.1846915956152237,0.18418844712856758,dense,0.000232299993513152
4,4,0.03,30.0,1000.0,wl_full_nonideal_hi,partial,0.0005546704156551713,0.0005614480850876236,0.20051717324557986,0.1980504995960465,dense,0.00022899999748915434
4,4,0.03,30.0,1000.0,wl_buffer_full,full,0.0005058519621157754,0.0005058519621157754,0.18066141504134836,0.18066141504134836,dense,0.00018640000780578703
4,4,0.03,30.0,1000.0,bl_star,full,0.0004415069501492076,0.0005748228570220202,0.20529387750786435,0.1488121956491677,dense,0.00016549999418202788
4,4,0.03,30.0,1000.0,combined_full,full,0.00019280915616161137,0.00019280915616161137,0.06886041291486121,0.06886041291486121,dense,0.0001799000019673258
4,4,0.1,100.0,1000.0,baseline,none,0.0014344198479663093,0.0016095982633794648,0.5748565226355231,0.5085594412708387,dense,0.00018050000653602183
4,4,0.1,100.0,1000.0,wl_partial_2,partial,0.0012056034976440381,0.0012517155877228242,0.4470412813295801,0.43024494644569933,dense,0.00016060000052675605
4,4,0.1,100.0,1000.0,wl_partial_4,partial,0.0014344198479663093,0.0016095982633794648,0.5748565226355231,0.5085594412708387,dense,0.00015530000382568687
4,4,0.1,100.0,1000.0,wl_full_nonideal_lo,partial,0.001175017060155568,0.001177479248619509,0.4205283030783961,0.4196461685740532,dense,0.0002339000056963414
4,4,0.1,100.0,1000.0,wl_full_nonideal_hi,partial,0.0012415424577934186,0.00125312131040593,0.44754332514497497,0.44334848913800984,dense,0.0002263999922433868
4,4,0.1,100.0,1000.0,wl_buffer_full,full,0.0011576561123730921,0.0011576561123730921,0.4134486115618186,0.4134486115618186,dense,0.0001841000048443675
4,4,0.1,100.0,1000.0,bl_star,full,0.001041244376090067,0.0013144264952437575,0.46943803401562767,0.3565685704150048,dense,0.000148899998748675
4,4,0.1,100.0,1000.0,combined_full,full,0.000541841491841492,0.000541841491841492,0.19351481851481855,0.19351481851481855,dense,0.0001816000003600493
8,8,0.001,1.0,1000.0,baseline,none,0.00023517795458720308,0.00028457111424399616,0.0508162704007136,0.0410675120756755,dense,0.002338399994187057
8,8,0.001,1.0,1000.0,wl_partial_2,partial,0.00014146239150261312,0.00014409795196802886,0.025731777137148013,0.02525667313753933,dense,0.0029966000001877546
8,8,0.001,1.0,1000.0,wl_partial_4,partial,0.00015779649719184093,0.00017057465522604068,0.03045975986179298,0.02809438523400648,dense,0.002756799993221648
8,8,0.001,1.0,1000.0,wl_full_nonideal_lo,partial,0.00013977544684142472,0.00013984190233750152,0.024971768274553843,0.024959881408232597,dense,0.00330470000335481
8,8,0.001,1.0,1000.0,wl_full_nonideal_hi,partial,0.00014376936818213717,0.00014409924825848752,0.025732008617587055,0.025672620631748758,dense,0.01390479999827221
8,8,0.001,1.0,1000.0,wl_buffer_full,full,0.00013877678717241163,0.00013877678717241163,0.02478156913793065,0.02478156913793065,dense,0.0021532999962801114
8,8,0.001,1.0,1000.0,bl_star,full,0.0001305180884252757,0.00017690442337045705,0.03159007560186733,0.021436947450939933,dense,0.0016337999986717477
8,8,0.001,1.0,1000.0,combined_full,full,2.5058101102532274e-05,2.5058101102532274e-05,0.0044746609111664774,0.0044746609111664774,dense,0.002410400004009716
8,8,0.003,3.0,1000.0,baseline,none,0.0006462720132081274,0.0007758774852100999,0.13854955093037497,0.11309343809212741,dense,0.0018468999915057793
8,8,0.003,3.0,1000.0,wl_partial_2,partial,0.0004014528694106797,0.0004086320628843374,0.07297001122934597,0.07167633872174944,dense,0.001648300007218495
8,8,0.003,3.0,1000.0,wl_partial_4,partial,0.0004455067225017602,0.00048007997532970633,0.08572856702316184,0.07933860274750551,dense,0.001525899991975166
8,8,0.003,3.0,1000.0,wl_full_nonideal_lo,partial,0.00039686640650368694,0.00039704763455643884,0.0709013633136498,0.07086894927201882,dense,0.004658000005292706
8,8,0.003,3.0,1000.0,wl_full_nonideal_hi,partial,0.00040774362299578735,0.00040864215271683123,0.07297181298514843,0.07281010423651907,dense,0.002855500002624467
8,8,0.003,3.0,1000.0,wl_buffer_full,full,0.00039414293079925635,0.00039414293079925635,0.07038266621415291,0.07038266621415291,dense,0.002151900000171736
8,8,0.003,3.0,1000.0,bl_star,full,0.000371833528501766,0.0005025177809475125,0.0897353180263415,0.061189150460302294,dense,0.0015885000029811636
8,8,0.003,3.0,1000.0,combined_full,full,7.433880731254946e-05,7.433880731254946e-05,0.013274787020098117,0.013274787020098117,dense,0.0021681000071112067
8,8,0.01,10.0,1000.0,baseline,none,0.001669634538125777,0.0019607587956196647,0.3501354992177973,0.2937014320682819,dense,0.0014989000046625733
8,8,0.01,10.0,1000.0,wl_partial_2,partial,0.0011259240370971213,0.001143793576082193,0.20424885287182018,0.20103212996035827,dense,0.001696600011200644
8,8,0.01,10.0,1000.0,wl_partial_4,partial,0.0012325019051015239,0.0013168747006981982,0.23515619655324968,0.21962701002515161,dense,0.002996000010170974
8,8,0.01,10.0,1000.0,wl_full_nonideal_lo,partial,0.0011145690142903505,0.0011150216445001138,0.1991110079464489,0.19903006591134187,dense,0.0027113999967696145
8,8,0.01,10.0,1000.0,wl_full_nonideal_hi,partial,0.0011416303325950303,0.0011438664573879282,0.20426186739070146,0.20385978373126978,dense,0.002778900001430884
8,8,0.01,10.0,1000.0,wl_buffer_full,full,0.0011077662794738196,0.0011077662794738196,0.19781540704889636,0.19781540704889636,dense,0.0023471000022254884
8,8,0.01,10.0,1000.0,bl_star,full,0.0010543330193683947,0.0014111231994705835,0.25198628561974706,0.17457318592487267,dense,0.0015880999999353662
8,8,0.01,10.0,1000.0,combined_full,full,0.0002385698289210092,0.0002385698289210092,0.042601755164465925,0.042601755164465925,dense,0.0020835000032093376
8,8,0.03,30.0,1000.0,baseline,none,0.003075291531403797,0.003479313538500718,0.6213059890179854,0.5445827668622272,dense,0.001520999998319894
8,8,0.03,30.0,1000.0,wl_partial_2,partial,0.0023308986520471434,0.0023609287846685723,0.4215944258336736,0.41619690427670303,dense,0.0019672000053105876
8,8,0.03,30.0,1000.0,wl_partial_4,partial,0.0025000544518791476,0.002635876388164035,0.47069221217214907,0.445851457891715,dense,0.0017167000041808933
8,8,0.03,30.0,1000.0,wl_full_nonideal_lo,partial,0.0023120053604025587,0.0023127721752749316,0.41299503129909493,0.4128579407474581,dense,0.0026856000040424988
8,8,0.03,30.0,1000.0,wl_full_nonideal_hi,partial,0.0023574684016210226,0.0023612250766533323,0.42164733511666647,0.4209727164839444,dense,0.0029343999922275543
8,8,0.03,30.0,1000.0,wl_buffer_full,full,0.0023004765432305015,0.0023004765432305015,0.41079938271973243,0.41079938271973243,dense,0.06287500000325963
8,8,0.03,30.0,1000.0,bl_star,full,0.0022237237123569177,0.0029050640160579438,0.5187614314389185,0.3733344318008711,dense,0.003472200012765825
8,8,0.03,30.0,1000.0,combined_full,full,0.0006478646392781735,0.0006478646392781735,0.11569011415681671,0.11569011415681671,dense,0.0021177000016905367
8,8,0.1,100.0,1000.0,baseline,none,0.004418903678094598,0.004767495870765113,0.851338548350913,0.786656224199689,dense,0.0015295000048354268
8,8,0.1,100.0,1000.0,wl_partial_2,partial,0.0037699420623594814,0.00380945581281596,0.6802599665742786,0.6731665678955532,dense,0.0017053999908966944
8,8,0.1,100.0,1000.0,wl_partial_4,partial,0.003961229638875832,0.004117994661610755,0.735356189573349,0.7068660387447839,dense,0.0015285999979823828
8,8,0.1,100.0,1000.0,wl_full_nonideal_lo,partial,0.003745672357487766,0.00374671203880539,0.6690557212152483,0.6688698831214244,dense,0.0029511000029742718
8,8,0.1,100.0,1000.0,wl_full_nonideal_hi,partial,0.003805642876586683,0.0038105804413346087,0.6804607930954658,0.6795750444633426,dense,0.00346319998789113
8,8,0.1,100.0,1000.0,wl_buffer_full,full,0.0037300097476142356,0.0037300097476142356,0.6660731692168278,0.6660731692168278,dense,0.002118699994753115
8,8,0.1,100.0,1000.0,bl_star,full,0.003679895345329327,0.0045344614295079475,0.8097252552692763,0.6340870951141468,dense,0.0015310000017052516
8,8,0.1,100.0,1000.0,combined_full,full,0.0016370212304035832,0.0016370212304035832,0.2923252197149256,0.2923252197149256,dense,0.002121199999237433
16,16,0.001,1.0,1000.0,baseline,none,0.001646931549511131,0.001977617303090727,0.17657297349024348,0.14411555400508916,dense,0.01156470000569243
16,16,0.001,1.0,1000.0,wl_partial_2,partial,0.0009491007017600167,0.0009537866707192578,0.0851595241713623,0.08474009609519084,dense,0.016271399988909252
16,16,0.001,1.0,1000.0,wl_partial_4,partial,0.0009773897209429396,0.001000547923048021,0.08933463598643043,0.0872459300759986,dense,0.010414500007755123
16,16,0.001,1.0,1000.0,wl_full_nonideal_lo,partial,0.0009462132503727638,0.0009462719860620777,0.08448857018411408,0.08448332348235446,dense,0.031313800005591474
16,16,0.001,1.0,1000.0,wl_full_nonideal_hi,partial,0.0009534959040563322,0.0009537888256105839,0.08515971657237356,0.08513350232314267,dense,0.03322240000125021
16,16,0.001,1.0,1000.0,wl_buffer_full,full,0.0009443914818130176,0.0009443914818130176,0.08432066801901943,0.08432066801901943,dense,0.020534900002530776
16,16,0.001,1.0,1000.0,bl_star,full,0.0009527196203570538,0.0012960297400059495,0.11571694107195978,0.07798183856648119,dense,0.00901099998736754
16,16,0.001,1.0,1000.0,combined_full,full,9.416557881723221e-05,9.416557881723221e-05,0.008407640965824305,0.008407640965824305,dense,0.020469800001592375
16,16,0.003,3.0,1000.0,baseline,none,0.0037541339426985236,0.00440811550264104,0.39358174130723567,0.3302232500878354,dense,0.009707100005471148
16,16,0.003,3.0,1000.0,wl_partial_2,partial,0.002380167474763769,0.0023906800991902993,0.21345358028484815,0.2125128710428576,dense,0.026695399996242486
16,16,0.003,3.0,1000.0,wl_partial_4,partial,0.0024431214078939026,0.0024947785661055925,0.2227480862594279,0.21809408018544976,dense,0.022427999996580184
16,16,0.003,3.0,1000.0,wl_full_nonideal_lo,partial,0.0023736993676772354,0.0023738312671409585,0.21194922028044272,0.21193743863052605,dense,0.05399080000643153
16,16,0.003,3.0,1000.0,wl_full_nonideal_hi,partial,0.0023900356989943927,0.0023906928337845273,0.21345471730218996,0.2133959230619364,dense,0.044788200000766665
16,16,0.003,3.0,1000.0,wl_buffer_full,full,0.002369608212169713,0.002369608212169713,0.21157216180086721,0.21157216180086721,dense,0.01916329999221489
16,16,0.003,3.0,1000.0,bl_star,full,0.00240048694704423,0.003238349866095759,0.2891383809014071,0.19741265402853864,dense,0.009018400000059046
16,16,0.003,3.0,1000.0,combined_full,full,0.0002765114945567689,0.0002765114945567689,0.02468852629971151,0.02468852629971151,dense,0.02837099999305792
16,16,0.01,10.0,1000.0,baseline,none,0.006872684855586879,0.007732316696390034,0.6903854193205388,0.6089815953549849,dense,0.010514199995668605
16,16,0.01,10.0,1000.0,wl_partial_2,partial,0.005058976740725746,0.0050773513885526665,0.4533349454064881,0.45169136157985124,dense,0.020784400010597892
16,16,0.01,10.0,1000.0,wl_partial_4,partial,0.005166712089296597,0.005255481674500697,0.4692394352232765,0.4612553393380776,dense,0.01302120000764262
16,16,0.01,10.0,1000.0,wl_full_nonideal_lo,partial,0.005047709050856233,0.00504794030604753,0.4507089558971009,0.45068830101261875,dense,0.0326171000051545
16,16,0.01,10.0,1000.0,wl_full_nonideal_hi,partial,0.0050762641373659064,0.00507741267610312,0.4533404175092071,0.45323769479807574,dense,0.03188520000549033
16,16,0.01,10.0,1000.0,wl_buffer_full,full,0.005040535110836001,0.005040535110836001,0.45004777775321436,0.45004777775321436,dense,0.020198700003675185
16,16,0.01,10.0,1000.0,bl_star,full,0.0051388871109695625,0.006756832892188966,0.6032886510883005,0.4283331650933272,dense,0.009115599998040125
16,16,0.01,10.0,1000.0,combined_full,full,0.0008587256847604023,0.0008587256847604023,0.07667193613932163,0.07667193613932163,dense,0.018753000011201948
16,16,0.03,30.0,1000.0,baseline,none,0.009120312319062355,0.009826088078590204,0.8773292927312683,0.8118238703632336,dense,0.008853499995893799
16,16,0.03,30.0,1000.0,wl_partial_2,partial,0.007546113921651359,0.007571894833366322,0.6760620386934216,0.6737562259673839,dense,0.013233400008175522
16,16,0.03,30.0,1000.0,wl_partial_4,partial,0.007688918188031457,0.007807132457996692,0.697065398035419,0.6864407934666285,dense,0.010542900010477751
16,16,0.03,30.0,1000.0,wl_full_nonideal_lo,partial,0.007530421258123929,0.007530749087505777,0.6723883113844443,0.6723590313407173,dense,0.03202980000060052
16,16,0.03,30.0,1000.0,wl_full_nonideal_hi,partial,0.007570534965810708,0.00757214626825601,0.6760844882371438,0.6759403915589208,dense,0.04627839999739081
16,16,0.03,30.0,1000.0,wl_buffer_full,full,0.0075202446283030785,0.0075202446283030785,0.6714504132413464,0.6714504132413464,dense,0.019850700002280064
16,16,0.03,30.0,1000.0,bl_star,full,0.007685324153218681,0.009587516340053129,0.8560282446476007,0.6555611254699192,dense,0.009214500008965842
16,16,0.03,30.0,1000.0,combined_full,full,0.002164913864184147,0.002164913864184147,0.19329588073072743,0.19329588073072743,dense,0.01848470000550151
16,16,0.1,100.0,1000.0,baseline,none,0.010394518627948409,0.01079035243593355,0.9634243246369241,0.927243495854986,dense,0.009280999991460703
16,16,0.1,100.0,1000.0,wl_partial_2,partial,0.00934657943915919,0.00938396479766513,0.8378539997915295,0.8345093187041699,dense,0.017088999986299314
16,16,0.1,100.0,1000.0,wl_partial_4,partial,0.009522034595859121,0.009668793270837006,0.8632851134675898,0.850092890868267,dense,0.011103800003184006
16,16,0.1,100.0,1000.0,wl_full_nonideal_lo,partial,0.009324364433476921,0.009324856756612704,0.8325764961261343,0.8325325212824737,dense,0.06312949999119155
16,16,0.1,100.0,1000.0,wl_full_nonideal_hi,partial,0.009382775559427197,0.009385109778163269,0.837956230193149,0.8377474274864469,dense,0.045349100008024834
16,16,0.1,100.0,1000.0,wl_buffer_full,full,0.009309043941308276,0.009309043941308276,0.8311646376168104,0.8311646376168104,dense,0.041551000002073124
16,16,0.1,100.0,1000.0,bl_star,full,0.009494384956929705,0.010876636892948913,0.9711282940132958,0.8320631658246298,dense,0.009454400002141483
16,16,0.1,100.0,1000.0,combined_full,full,0.0047218397642724615,0.0047218397642724615,0.4215928360957555,0.4215928360957555,dense,0.01942820000112988
32,32,0.001,1.0,1000.0,baseline,none,0.00894272960182101,0.010430813009706707,0.46566129507619225,0.39384515525725516,dense,0.19262399998842739
32,32,0.001,1.0,1000.0,wl_partial_2,partial,0.005643540711473987,0.005649925595443809,0.25222882122517004,0.2519436203381801,dense,0.3017293000011705
32,32,0.001,1.0,1000.0,wl_partial_4,partial,0.005681804050235115,0.005713562407940777,0.25506975035449897,0.253648621072717,dense,0.22076569999626372
32,32,0.001,1.0,1000.0,wl_full_nonideal_lo,partial,0.005639665741265051,0.005639705689916563,0.2517725754427037,0.25177079182490836,dense,1.1115921000018716
32,32,0.001,1.0,1000.0,wl_full_nonideal_hi,partial,0.005649728554074867,0.005649928085318914,0.25222893238030863,0.25222001985397957,dense,1.0872707000089576
32,32,0.001,1.0,1000.0,wl_buffer_full,full,0.005637148595706652,0.005637148595706652,0.25165841945118983,0.25165841945118983,dense,0.5562888999993447
32,32,0.001,1.0,1000.0,bl_star,full,0.005918735839331659,0.007985895010406212,0.3565131701074202,0.24301730215031023,dense,0.18112429999746382
32,32,0.001,1.0,1000.0,combined_full,full,0.0003617822101346056,0.0003617822101346056,0.016150991523866322,0.016150991523866322,dense,0.5012251000007382
32,32,0.003,3.0,1000.0,baseline,none,0.014627061239500604,0.016376528704549368,0.7310950314530968,0.6484396185601482,dense,0.17843670000729617
32,32,0.003,3.0,1000.0,wl_partial_2,partial,0.010682617196195218,0.010692966749532507,0.47736458703270124,0.47690232937027366,dense,0.30566470000485424
32,32,0.003,3.0,1000.0,wl_partial_4,partial,0.010744260186800607,0.010795472318890982,0.4819407285219188,0.4796498724799628,dense,0.22877310001058504
32,32,0.003,3.0,1000.0,wl_full_nonideal_lo,partial,0.010676341772287011,0.010676406587429212,0.47662529408166127,0.47662240027619707,dense,1.1616359999898123
32,32,0.003,3.0,1000.0,wl_full_nonideal_hi,partial,0.01069265381924387,0.01069297724745151,0.47736505568979953,0.4773506101547158,dense,1.0856124999991152
32,32,0.003,3.0,1000.0,wl_buffer_full,full,0.010672257606255753,0.010672257606255753,0.47644007170784614,0.47644007170784614,dense,0.549739199996111
32,32,0.003,3.0,1000.0,bl_star,full,0.011195443585614716,0.01473744355418257,0.6579215872402934,0.46494033650707967,dense,0.16511429999081884
32,32,0.003,3.0,1000.0,combined_full,full,0.0010416169640345245,0.0010416169640345245,0.04650075732296984,0.04650075732296984,dense,0.49727659999916796
32,32,0.01,10.0,1000.0,baseline,none,0.019047657720476372,0.0203552197340966,0.908715166700741,0.8482037371000263,dense,0.1782206999923801
32,32,0.01,10.0,1000.0,wl_partial_2,partial,0.01577835589200869,0.01579434038826824,0.7051044816191179,0.7043905262111099,dense,0.33673739999358077
32,32,0.01,10.0,1000.0,wl_partial_4,partial,0.015871451059514156,0.015948886810355722,0.712003875462309,0.7085397836836196,dense,0.2783262999873841
32,32,0.01,10.0,1000.0,wl_full_nonideal_lo,partial,0.015768689756847042,0.015768790259714848,0.7039638508801271,0.7039593637016235,dense,1.0598357999988366
32,32,0.01,10.0,1000.0,wl_full_nonideal_hi,partial,0.015793896419100773,0.015794395935700162,0.7051069614151858,0.7050846506244028,dense,1.052831300010439
32,32,0.01,10.0,1000.0,wl_buffer_full,full,0.01576235518598948,0.01576235518598948,0.7036765708031018,0.7036765708031018,dense,0.49571750000177417
32,32,0.01,10.0,1000.0,bl_star,full,0.016401658786027618,0.02033087701493813,0.9076284381668809,0.6976755364127356,dense,0.16224579999106936
32,32,0.01,10.0,1000.0,combined_full,full,0.003050378380813887,0.003050378380813887,0.13617760628633424,0.13617760628633424,dense,0.49071090000506956
32,32,0.03,30.0,1000.0,baseline,none,0.021009235859451428,0.02174115515012365,0.970587283487663,0.9371477296906807,dense,0.16067339999426622
32,32,0.03,30.0,1000.0,wl_partial_2,partial,0.01871842827871007,0.01874329636220284,0.8367543018840554,0.8356433811456631,dense,0.2898739999945974
32,32,0.03,30.0,1000.0,wl_partial_4,partial,0.018854897579324938,0.018968715466543593,0.8468176547564104,0.8417234116388543,dense,0.23782000000937842
32,32,0.03,30.0,1000.0,wl_full_nonideal_lo,partial,0.018703500471868587,0.01870365858849489,0.8349847584149505,0.8349776987118032,dense,1.0531999999948312
32,32,0.03,30.0,1000.0,wl_full_nonideal_hi,partial,0.0187427753595504,0.018743552409100767,0.8367657325491414,0.8367310205164689,dense,1.1234253000002354
32,32,0.03,30.0,1000.0,wl_buffer_full,full,0.018693527113122863,0.018693527113122863,0.8345324604072707,0.8345324604072707,dense,0.5318278000049759
32,32,0.03,30.0,1000.0,bl_star,full,0.019245392208620433,0.022056980474082773,0.9846866283072667,0.8392656034521968,dense,0.26692379999440163
32,32,0.03,30.0,1000.0,combined_full,full,0.006868096548558732,0.006868096548558732,0.3066114530606577,0.3066114530606577,dense,0.587008300004527
32,32,0.1,100.0,1000.0,baseline,none,0.02189739816999462,0.02220884151890077,0.9914661392366415,0.977372132644462,dense,0.22099600000365172
32,32,0.1,100.0,1000.0,wl_partial_2,partial,0.020546363997250048,0.02058375330835682,0.9189175584087865,0.9172468712283204,dense,0.33649400000285823
32,32,0.1,100.0,1000.0,wl_partial_4,partial,0.02072093359298765,0.02086791668011383,0.9316034232193674,0.9250213660296579,dense,0.19872279999253806
32,32,0.1,100.0,1000.0,wl_full_nonideal_lo,partial,0.02052446027602436,0.020524706283898943,0.9162815305312028,0.9162705459956684,dense,1.1900506999954814
32,32,0.1,100.0,1000.0,wl_full_nonideal_hi,partial,0.020583733846576677,0.020584900958330116,0.9189687927825945,0.9189166437071977,dense,1.0557207000092603
32,32,0.1,100.0,1000.0,wl_buffer_full,full,0.020508906522671937,0.020508906522671937,0.9155761840478543,0.9155761840478543,dense,0.49999660000321455
32,32,0.1,100.0,1000.0,bl_star,full,0.020946913809755774,0.02236049557563277,0.998236409626463,0.9287644729582554,dense,0.15764920000219718
32,32,0.1,100.0,1000.0,combined_full,full,0.012615578131239407,0.012615578131239407,0.5631954522874736,0.5631954522874736,dense,0.431692899990594
64,64,0.001,1.0,1000.0,baseline,none,0.03184839175460701,0.03528404584101215,0.7875903089511643,0.7068206243355548,sparse,0.23479080000834074
64,64,0.001,1.0,1000.0,wl_partial_2,partial,0.023753976432123375,0.02375988727857922,0.5303546267540006,0.5302226717974192,sparse,0.2123734000051627
64,64,0.001,1.0,1000.0,wl_partial_4,partial,0.02378934808201372,0.02381880230276595,0.5316696942581687,0.5310118916093078,sparse,0.2104286000103457
64,64,0.001,1.0,1000.0,wl_full_nonideal_lo,partial,0.023750411634663533,0.023750430117982467,0.5301435294192517,0.5301431168350539,sparse,0.2886216000042623
64,64,0.001,1.0,1000.0,wl_full_nonideal_hi,partial,0.023759796935805332,0.02375988929295111,0.5303546717176589,0.5303526099217404,sparse,0.29340399999637157
64,64,0.001,1.0,1000.0,wl_buffer_full,full,0.02374806411446957,0.02374806411446958,0.530090716840839,0.5300907168408386,sparse,0.2123797999956878
64,64,0.001,1.0,1000.0,bl_star,full,0.02523538991681721,0.03299794179855397,0.7365612008605799,0.5243796164295291,sparse,0.22624910000013188
64,64,0.001,1.0,1000.0,combined_full,full,0.001396272181473458,0.0013962721814734583,0.031166789765032562,0.031166789765032562,sparse,0.22381020001193974
64,64,0.003,3.0,1000.0,baseline,none,0.03897644523048771,0.041429987616568964,0.9247765092984147,0.8681062165254928,sparse,0.21672330000728834
64,64,0.003,3.0,1000.0,wl_partial_2,partial,0.03239600341869636,0.03240515246712739,0.7233292961412366,0.7231250474648847,sparse,0.2219626000005519
64,64,0.003,3.0,1000.0,wl_partial_4,partial,0.03245038411938696,0.032495679651025094,0.7253499922103818,0.7243383371438747,sparse,0.2188906999945175
64,64,0.003,3.0,1000.0,wl_full_nonideal_lo,partial,0.03239048999728699,0.0323905186406986,0.7230026482298797,0.7230020088502025,sparse,0.27987779999966733
64,64,0.003,3.0,1000.0,wl_full_nonideal_hi,partial,0.03240501937282717,0.032405162326838974,0.7233295162240845,0.7233263248427801,sparse,0.26526249999005813
64,64,0.003,3.0,1000.0,wl_buffer_full,full,0.03238685178572634,0.032386851785726374,0.7229207987885353,0.7229207987885344,sparse,0.2171237000002293
64,64,0.003,3.0,1000.0,bl_star,full,0.033964184146250756,0.041854093826683376,0.9342431657741828,0.7209174958986102,sparse,0.23653850000118837
64,64,0.003,3.0,1000.0,combined_full,full,0.003875391320099189,0.003875391320099189,0.08650427053792835,0.08650427053792833,sparse,0.21559339998930227
64,64,0.01,10.0,1000.0,baseline,none,0.04260835123899958,0.043838281057895764,0.9785330593280308,0.9504914413952927,sparse,0.22623930001282133
64,64,0.01,10.0,1000.0,wl_partial_2,partial,0.03815699687490643,0.03817269662073584,0.852069120998568,0.8517186081191142,sparse,0.20702900001197122
64,64,0.01,10.0,1000.0,wl_partial_4,partial,0.038248218738048276,0.038324267550121166,0.8554524006723477,0.853753457331406,sparse,0.2127154000045266
64,64,0.01,10.0,1000.0,wl_full_nonideal_lo,partial,0.03814756108900893,0.03814761044237579,0.8515091616601741,0.8515080599776221,sparse,0.2966634000040358
64,64,0.01,10.0,1000.0,wl_full_nonideal_hi,partial,0.03817250767030036,0.03817275297607366,0.8520703789302159,0.8520649022460678,sparse,0.27765119999821763
64,64,0.01,10.0,1000.0,wl_buffer_full,full,0.03814129066673677,0.03814129066673677,0.8513680952396604,0.8513680952396604,sparse,0.20553379999182653
64,64,0.01,10.0,1000.0,bl_star,full,0.03935052052498596,0.04452750952294184,0.9939176232799521,0.8571003522431317,sparse,0.2340144999907352
64,64,0.01,10.0,1000.0,combined_full,full,0.010307481993810296,0.010307481993810298,0.23007772307612281,0.2300777230761228,sparse,0.2546881000016583
64,64,0.03,30.0,1000.0,baseline,none,0.04393869373205392,0.044487478044466226,0.99302406349255,0.9806124093656485,sparse,0.23605390000739135
64,64,0.03,30.0,1000.0,wl_partial_2,partial,0.04111830456527838,0.04114317309770278,0.9183743995022945,0.9178191303666687,sparse,0.22349570000369567
64,64,0.03,30.0,1000.0,wl_partial_4,partial,0.041254558784522735,0.041368482612940106,0.9234036297531276,0.9208576991944051,sparse,0.21792680000362452
64,64,0.03,30.0,1000.0,wl_full_nonideal_lo,partial,0.04110347014389665,0.041103549182118906,0.9174899371008688,0.91748817274796,sparse,0.2869185000017751
64,64,0.03,30.0,1000.0,wl_full_nonideal_hi,partial,0.04114304084384266,0.0411434293691338,0.918380119846737,0.9183714448259338,sparse,0.2688857999892207
64,64,0.03,30.0,1000.0,wl_buffer_full,full,0.041093420983150705,0.04109342098315071,0.917263861231043,0.917263861231043,sparse,0.21004229999380186
64,64,0.03,30.0,1000.0,bl_star,full,0.04200403236120176,0.044779225807798695,0.9995362903526498,0.9292208184264965,sparse,0.2323824000050081
64,64,0.03,30.0,1000.0,combined_full,full,0.020024974673249606,0.020024974673249606,0.4469860418136074,0.44698604181360746,sparse,0.23918459999549668
64,64,0.1,100.0,1000.0,baseline,none,0.04449945371040994,0.044706901315350725,0.9979219043605075,0.9932577575958854,sparse,0.2286006000067573
64,64,0.1,100.0,1000.0,wl_partial_2,partial,0.04294634621090011,0.04298375329420473,0.9594587788884987,0.9586234353917771,sparse,0.20297719999507535
64,64,0.1,100.0,1000.0,wl_partial_4,partial,0.0431206970965215,0.043267916436774884,0.9658017061780111,0.9625106798860463,sparse,0.2172763999988092
64,64,0.1,100.0,1000.0,wl_full_nonideal_lo,partial,0.042924583261261265,0.04292470627694264,0.9581407651103272,0.958138018976654,sparse,0.2923471999965841
64,64,0.1,100.0,1000.0,wl_full_nonideal_hi,partial,0.04298431712544521,0.04298490094503134,0.9594843960944498,0.9594713588270347,sparse,0.2885829000006197
64,64,0.1,100.0,1000.0,wl_buffer_full,full,0.04290890651689848,0.042908906516898486,0.9577880918950558,0.9577880918950558,sparse,0.20618520000425633
64,64,0.1,100.0,1000.0,bl_star,full,0.043596656064218184,0.04479781838706735,0.9999513032827536,0.9711696661103397,sparse,0.24483710000640713
64,64,0.1,100.0,1000.0,combined_full,full,0.031086621697239768,0.031086621697239768,0.6938978057419594,0.6938978057419593,sparse,0.23495919999550097
128,128,0.001,1.0,1000.0,baseline,none,0.08031989379165722,0.08462005614518948,0.9444202694775619,0.8949227412941672,sparse,1.0722584999894025
128,128,0.001,1.0,1000.0,wl_partial_2,partial,0.06782975194799472,0.06783513214054823,0.7570885283543334,0.7570284791808252,sparse,0.9791795999917667
128,128,0.001,1.0,1000.0,wl_partial_4,partial,0.06786192843962785,0.06788873944301807,0.7576868241408271,0.7573875445045203,sparse,0.8561736999981804
128,128,0.001,1.0,1000.0,wl_full_nonideal_lo,partial,0.06782651642265479,0.06782652483441148,0.7569924646697715,0.7569923707878192,sparse,1.167214300003252
128,128,0.001,1.0,1000.0,wl_full_nonideal_hi,partial,0.0678350920819523,0.06783513411471337,0.7570885503874265,0.75708808125333,sparse,1.1260202999983449
128,128,0.001,1.0,1000.0,wl_buffer_full,full,0.0678243713286556,0.0678243713286556,0.7569684300073174,0.7569684300073174,sparse,0.8660574999958044
128,128,0.001,1.0,1000.0,bl_star,full,0.07115268802953874,0.08622160722338562,0.9622947234752866,0.7569320675698299,sparse,1.0524826000037137
128,128,0.001,1.0,1000.0,combined_full,full,0.00532739667131714,0.005327396671317139,0.059457552135235965,0.059457552135235965,sparse,1.0601521999924444
128,128,0.003,3.0,1000.0,baseline,none,0.08583726866578213,0.08802063965759617,0.9823732104642435,0.9575138489299908,sparse,0.9727451999933692
128,128,0.003,3.0,1000.0,wl_partial_2,partial,0.07717408671649698,0.07718313732249457,0.8614189433314132,0.8613179261800108,sparse,0.9034165000048233
128,128,0.003,3.0,1000.0,wl_partial_4,partial,0.07722785134033607,0.07727266186434181,0.8624181011645297,0.8619178616327612,sparse,0.8749929000041448
128,128,0.003,3.0,1000.0,wl_full_nonideal_lo,partial,0.0771686481275659,0.07716866229476553,0.8612573916826516,0.8612572335647406,sparse,1.2118877999891993
128,128,0.003,3.0,1000.0,wl_full_nonideal_hi,partial,0.07718307658080859,0.07718314728860498,0.861419054560324,0.8614182653648985,sparse,1.312151600010111
128,128,0.003,3.0,1000.0,wl_buffer_full,full,0.07716503504896335,0.07716503504896341,0.86121690902861,0.8612169090286095,sparse,0.8768298999930266
128,128,0.003,3.0,1000.0,bl_star,full,0.07961197777791874,0.08934723143321939,0.9971789222457528,0.8656678924625518,sparse,1.0661797000066144
128,128,0.003,3.0,1000.0,combined_full,full,0.013868859509816159,0.013868859509816159,0.1547863784577697,0.15478637845776966,sparse,1.308164800007944
128,128,0.01,10.0,1000.0,baseline,none,0.08825603674215189,0.08913644949559829,0.9948264452633744,0.9848838972785392,sparse,0.9738626999896951
128,128,0.01,10.0,1000.0,wl_partial_2,partial,0.08295695885612484,0.08297265927820512,0.9260341437299684,0.9258588992200201,sparse,0.8690334999992047
128,128,0.01,10.0,1000.0,wl_partial_4,partial,0.08304814092415061,0.08312421830626306,0.9277256507395436,0.926876244670087,sparse,0.8700491999916267
128,128,0.01,10.0,1000.0,wl_full_nonideal_lo,partial,0.08294755014241824,0.08294757481800018,0.9257541832366097,0.9257539078342873,sparse,1.1599466000043321
128,128,0.01,10.0,1000.0,wl_full_nonideal_hi,partial,0.082972592987392,0.08297271564525022,0.9260347728264539,0.9260334037486135,sparse,1.2132267999986652
128,128,0.01,10.0,1000.0,wl_buffer_full,full,0.08294125546202243,0.08294125546202243,0.9256836547100723,0.9256836547100722,sparse,0.8860152999986894
128,128,0.01,10.0,1000.0,bl_star,full,0.08462556727030601,0.08959353522852125,0.9999278485326039,0.9352931914260886,sparse,1.0230357999971602
128,128,0.01,10.0,1000.0,combined_full,full,0.03210373910672412,0.03210373910672412,0.3583006596732605,0.35830065967326064,sparse,1.0749720000021625
128,128,0.03,30.0,1000.0,baseline,none,0.0890872921311472,0.0894462199046288,0.9982837042927327,0.9942501982624357,sparse,0.9799841999920318
128,128,0.03,30.0,1000.0,wl_partial_2,partial,0.08591830063967573,0.08594317309544845,0.9591871997259878,0.9589095651615436,sparse,0.8697587000060594
128,128,0.03,30.0,1000.0,wl_partial_4,partial,0.0860544890913199,0.08616848260485209,0.9617018147862962,0.9604288495375888,sparse,0.8684385999949882
128,128,0.03,30.0,1000.0,wl_full_nonideal_lo,partial,0.08590350966001072,0.08590354918036086,0.9587449685308138,0.9587445274425914,sparse,1.1592650999955367
128,128,0.03,30.0,1000.0,wl_full_nonideal_hi,partial,0.08594323507433635,0.0859434293669003,0.9591900598984415,0.959187891143267,sparse,1.1421279000060167
128,128,0.03,30.0,1000.0,wl_buffer_full,full,0.08589342098150007,0.08589342098150007,0.9586319305970996,0.9586319305970998,sparse,0.8913270000048215
128,128,0.03,30.0,1000.0,bl_star,full,0.08718371753858954,0.089599619794636,0.9999957566365631,0.9702652774276525,sparse,1.0486340999923414
128,128,0.03,30.0,1000.0,combined_full,full,0.053081333995156126,0.053081333995156126,0.5924256026245107,0.5924256026245107,sparse,1.0637033000093652
128,128,0.1,100.0,1000.0,baseline,none,0.08942526052597724,0.08955393613579603,0.9994858943727242,0.9980446125895261,sparse,0.9925253000110388
128,128,0.1,100.0,1000.0,wl_partial_2,partial,0.08774633788599905,0.0877837532942047,0.9797293894442495,0.9793117176958885,sparse,0.8544148999935715
128,128,0.1,100.0,1000.0,wl_partial_4,partial,0.08792058568962634,0.08806791643677482,0.9829008530890053,0.9812553399430228,sparse,0.8877344000065932
128,128,0.1,100.0,1000.0,wl_full_nonideal_lo,partial,0.08772464476628732,0.08772470627694261,0.9790703825551637,0.9790696960217458,sparse,1.16484969999874
128,128,0.1,100.0,1000.0,wl_full_nonideal_hi,partial,0.08778460897193258,0.08778490094503129,0.9797421980472248,0.9797389387303712,sparse,1.147912999993423
128,128,0.1,100.0,1000.0,wl_buffer_full,full,0.08770890651689843,0.08770890651689844,0.9788940459475279,0.9788940459475275,sparse,0.8617108000034932
128,128,0.1,100.0,1000.0,bl_star,full,0.0886400991844771,0.08959995280253878,0.999999473242621,0.9887688212553021,sparse,1.0242120000038994
128,128,0.1,100.0,1000.0,combined_full,full,0.07154616063918498,0.071546160639185,0.7985062571337616,0.7985062571337613,sparse,1.0818289000017103
256,256,0.001,1.0,1000.0,baseline,none,0.17329749898523975,0.17686072307528475,0.9869459993040451,0.9667035879061578,sparse,4.53134190000128
256,256,0.001,1.0,1000.0,wl_partial_2,partial,0.15741665074284647,0.1574220077530615,0.8784710254077099,0.8784411308688163,sparse,3.748051000002306
256,256,0.001,1.0,1000.0,wl_partial_4,partial,0.1574486843316358,0.1574753808530511,0.8787688663674733,0.8786198796287703,sparse,3.6663511999940965
256,256,0.001,1.0,1000.0,wl_full_nonideal_lo,partial,0.15741343355440887,0.1574134377421139,0.878423201685904,0.8784231783169348,sparse,4.928708600011305
256,256,0.001,1.0,1000.0,wl_full_nonideal_hi,partial,0.15742198881297542,0.15742200973879478,0.8784710364888109,0.8784709197132865,sparse,4.854327699998976
256,256,0.001,1.0,1000.0,wl_buffer_full,full,0.1574112935503221,0.15741129355032213,0.8784112363299232,0.878411236329923,sparse,3.6326050000061514
256,256,0.001,1.0,1000.0,bl_star,full,0.1619677138537636,0.17904083811356739,0.9991118198301759,0.8817796843766503,sparse,5.572020799998427
256,256,0.001,1.0,1000.0,combined_full,full,0.019718868591580504,0.019718868591580507,0.11003832919408774,0.11003832919408776,sparse,6.810242699997616
256,256,0.003,3.0,1000.0,baseline,none,0.176905620209531,0.1784316858983676,0.9957125329149986,0.9871026642495667,sparse,4.465695399994729
256,256,0.003,3.0,1000.0,wl_partial_2,partial,0.16677406650494117,0.16678311720122738,0.93070935938185,0.9306588518936436,sparse,3.873889800001052
256,256,0.003,3.0,1000.0,wl_partial_4,partial,0.1668278243284279,0.16687263972034086,0.9312089270108315,0.9309588128639681,sparse,4.563552199993865
256,256,0.003,3.0,1000.0,wl_full_nonideal_lo,partial,0.16676863540230702,0.16676864248579967,0.9306285853002221,0.9306285457715894,sparse,5.175573400003486
256,256,0.003,3.0,1000.0,wl_full_nonideal_hi,partial,0.16678309181382925,0.1667831271680675,0.9307094150003774,0.9307092177057691,sparse,4.871450799997547
256,256,0.003,3.0,1000.0,wl_buffer_full,full,0.1667650153174543,0.16676501531745433,0.9306083444054378,0.9306083444054373,sparse,3.6787276999966707
256,256,0.003,3.0,1000.0,bl_star,full,0.16985087410059754,0.17919784969137384,0.9999880005098994,0.9373436399695129,sparse,5.632314399990719
256,256,0.003,3.0,1000.0,combined_full,full,0.046387158867535416,0.046387158867535416,0.2588569133233005,0.2588569133233004,sparse,6.836080700013554
256,256,0.01,10.0,1000.0,baseline,none,0.1784050643998393,0.17897043845816452,0.9987189646102939,0.9955448233360149,sparse,4.803447900005267
256,256,0.01,10.0,1000.0,wl_partial_2,partial,0.17255695808441113,0.1725726592780946,0.9630170718643679,0.9629294496094294,sparse,3.568563399996492
256,256,0.01,10.0,1000.0,wl_partial_4,partial,0.17264812566525545,0.1727242183060693,0.9638628253686911,0.9634381223341886,sparse,3.6153021000063745
256,256,0.01,10.0,1000.0,wl_full_nonideal_lo,partial,0.17254756247998837,0.17254757481789995,0.962877091617746,0.962877022767165,sparse,4.815328299999237
256,256,0.01,10.0,1000.0,wl_full_nonideal_hi,partial,0.17257265431323204,0.17257271564513987,0.9630173864126117,0.9630170441431516,sparse,4.847430599998916
256,256,0.01,10.0,1000.0,wl_buffer_full,full,0.1725412554619246,0.17254125546192461,0.9628418273544908,0.9628418273544912,sparse,3.6826823000010336
256,256,0.01,10.0,1000.0,bl_star,full,0.17475846389738486,0.17919997424708886,0.9999998562895591,0.9719890764084889,sparse,5.300207899999805
256,256,0.01,10.0,1000.0,combined_full,full,0.09056790995268357,0.09056790995268359,0.5054012832181007,0.5054012832181006,sparse,6.790938899997855
256,256,0.03,30.0,1000.0,baseline,none,0.1789028776512875,0.1791235616068456,0.999573446466773,0.9983377870904007,sparse,4.413436200004071
256,256,0.03,30.0,1000.0,wl_partial_2,partial,0.17551829880130523,0.17554317309544837,0.9795935998629939,0.9794547825807721,sparse,3.5634165999945253
256,256,0.03,30.0,1000.0,wl_partial_4,partial,0.17565445635729096,0.175768482604852,0.9808509073931482,0.9802144247687943,sparse,3.563079100000323
256,256,0.03,30.0,1000.0,wl_full_nonideal_lo,partial,0.17550352941989208,0.17550354918036076,0.9793724842654068,0.979372373993351,sparse,4.8726085999951465
256,256,0.03,30.0,1000.0,wl_full_nonideal_hi,partial,0.17554333221352492,0.1755434293669002,0.9795950299492207,0.9795944877604266,sparse,4.838794299997971
256,256,0.03,30.0,1000.0,wl_buffer_full,full,0.17549342098149998,0.1754934209815,0.9793159652985499,0.97931596529855,sparse,3.6277336000057403
256,256,0.03,30.0,1000.0,bl_star,full,0.17719583474852674,0.17919999821856566,0.999999990058961,0.9880382396394212,sparse,5.350558499994804
256,256,0.03,30.0,1000.0,combined_full,full,0.12908411513503312,0.12908411513503315,0.7203354639231766,0.7203354639231764,sparse,6.772277600000962
256,256,0.1,100.0,1000.0,baseline,none,0.1791004584853653,0.17917707692456789,0.999872081052277,0.9994437894992907,sparse,5.793625599995721
256,256,0.1,100.0,1000.0,wl_partial_2,partial,0.17734633385406848,0.1773837532942046,0.9898646947221247,0.989655858847944,sparse,4.7236486000037985
256,256,0.1,100.0,1000.0,wl_partial_4,partial,0.17752053156702985,0.17766791643677474,0.9914504265445027,0.9906276699715116,sparse,4.31480520000332
256,256,0.1,100.0,1000.0,wl_full_nonideal_lo,partial,0.17732467552092554,0.17732470627694252,0.9895351912775818,0.9895350196442276,sparse,5.1032099000003655
256,256,0.1,100.0,1000.0,wl_full_nonideal_hi,partial,0.17738475494296127,0.1773849009450312,0.9898710990236124,0.9898702841943994,sparse,4.813134799987893
256,256,0.1,100.0,1000.0,wl_buffer_full,full,0.17730890651689835,0.17730890651689837,0.989447022973764,0.9894470229737636,sparse,3.588983699999517
256,256,0.1,100.0,1000.0,bl_star,full,0.17846041263182974,0.17919999972992637,0.9999999984928934,0.9957509179512471,sparse,5.620592999999644
256,256,0.1,100.0,1000.0,combined_full,full,0.15656464431154146,0.15656464431154146,0.873686631202799,0.8736866312027991,sparse,6.875914899996133
